"","MM","DD","Tmin","Rhmin","Rhmax","Windspeed","Tmean","RMmean"
"1",9,12,2.222222222,59,96,9,8.055555556,77.5
"2",9,13,7.222222222,43,100,2,12.500000001,71.5
"3",9,14,12.22222222,53,89,6,17.5,71
"4",9,15,10,61,96,6,15.555555555,78.5
"5",9,16,13.33333333,53,90,5,17.5,71.5
"6",9,17,13.33333333,59,90,6,18.33333333,74.5
